Title,Description,URL,Category
Snuff & Stuff Blog,Personal blog dedicated to snuff tobacco reviews and experiences,https://example.com/snuff-blog,info
European Snuff Society,Community forum for European snuff enthusiasts,https://example.com/european-snuff,forums
Snuff Tobacco Reviews,YouTube channel with weekly snuff tobacco reviews,https://www.youtube.com/channel/UCkDy-VX2CUkARohIR8nWp-g,youtube
Traditional Snuff Co.,Artisan snuff maker specializing in traditional recipes,https://example.com/traditional-snuff,manufacturers
Global Snuff Emporium,Online store with international shipping of rare snuff varieties,https://example.com/global-snuff,stores
Mr Snuff,One of the world's largest online snuff stores with a huge range of varieties from across the globe,https://www.mrsnuff.com/,stores
Simply Snuff!,Regular snuff reviews posted on Wednesdays and Sundays with an active community,https://www.youtube.com/channel/UCkDy-VX2CUkARohIR8nWp-g,youtube
Tobacco Reviews Forum,Discussion forum dedicated to snuff tobacco reviews and conversations,https://www.tobaccoreviews.com/community/tobacco-talk/snuff/,forums
Reddit - r/nasalsnuff,Reddit community dedicated to nasal snuff and snuff-related discussions,https://www.reddit.com/r/nasalsnuff/,forums
McChrystal's Snuff,Original sniffing tobacco established in 1926 offering various snuff products,https://mcchrystals.co.uk/,manufacturers
